{"files":["localhost_wordpress_wpvivid-c1dca19aac4b3_2025-05-13-10-54_backup_db.sql"],"tables":[{"name":"wp_adminaps_log","size":16384,"rows":"0"},{"name":"wp_adminwoocommerce_shipping_zones","size":16384,"rows":"0"},{"name":"wp_adminwoocommerce_shipping_zone_methods","size":16384,"rows":"0"},{"name":"wp_adminwdr_rules","size":16384,"rows":"2"},{"name":"wp_adminwdr_order_discounts","size":16384,"rows":"0"},{"name":"wp_adminwc_tax_rate_classes","size":32768,"rows":"4"},{"name":"wp_adminwoocommerce_sessions","size":32768,"rows":"9"},{"name":"wp_adminwoocommerce_payment_tokens","size":32768,"rows":"0"},{"name":"wp_adminwoocommerce_order_items","size":32768,"rows":"0"},{"name":"wp_adminwoocommerce_log","size":32768,"rows":"0"},{"name":"wp_adminwoocommerce_attribute_taxonomies","size":32768,"rows":"0"},{"name":"wp_adminwc_webhooks","size":32768,"rows":"0"},{"name":"wp_adminlinks","size":32768,"rows":"0"},{"name":"wp_adminterm_relationships","size":32768,"rows":"97"},{"name":"wp_adminwoocommerce_shipping_zone_locations","size":49152,"rows":"0"},{"name":"wp_adminwc_download_log","size":49152,"rows":"0"},{"name":"wp_adminwoocommerce_tax_rate_locations","size":49152,"rows":"0"},{"name":"wp_admincommentmeta","size":49152,"rows":"4"},{"name":"wp_adminterms","size":49152,"rows":"28"},{"name":"wp_admintermmeta","size":49152,"rows":"17"},{"name":"wp_adminwoocommerce_api_keys","size":49152,"rows":"0"},{"name":"wp_adminterm_taxonomy","size":49152,"rows":"27"},{"name":"wp_adminwoocommerce_order_itemmeta","size":49152,"rows":"0"},{"name":"wp_adminwoocommerce_payment_tokenmeta","size":49152,"rows":"0"},{"name":"wp_adminum_metadata","size":65536,"rows":"0"},{"name":"wp_adminwdr_order_item_discounts","size":65536,"rows":"0"},{"name":"wp_adminusers","size":65536,"rows":"0"},{"name":"wp_adminusermeta","size":81920,"rows":"108"},{"name":"wp_adminwoocommerce_downloadable_product_permissions","size":81920,"rows":"0"},{"name":"wp_adminwoocommerce_tax_rates","size":81920,"rows":"0"},{"name":"wp_admincomments","size":114688,"rows":"0"},{"name":"wp_adminwc_product_meta_lookup","size":114688,"rows":"90"},{"name":"wp_adminpostmeta","size":1736704,"rows":"1474"},{"name":"wp_adminposts","size":2719744,"rows":"664"},{"name":"wp_adminoptions","size":4440064,"rows":"542"}],"dump_db":1,"file_type":"databases","home_url":"http:\/\/localhost\/wordpress","root_flag":"custom","php_version":"7.0.3","mysql_version":"5.7.11","wp_version":"6.5.5","find_zero_date":1,"file":"localhost_wordpress_wpvivid-c1dca19aac4b3_2025-05-13-10-54_backup_db.part001.zip"}